2025-06-02,590.9629516601562,591.0426720366128,583.3354764354921,586.0275300945058,61630500
2025-06-03,594.3330078125,595.3200799781005,590.1054544048488,590.5940612123461,63606200
2025-06-04,594.1734619140625,596.1875273458553,593.7347563998676,595.2004551527299,57314200
2025-06-05,591.3019409179688,597.2344151426059,589.3078360260068,595.8684581600321,92278700
2025-06-06,597.3740234375,599.0590445233215,595.1007146259882,596.8953968767723,66588700
2025-06-09,597.9124145507812,599.477794222525,596.7259196839311,597.9522747414663,53016400
2025-06-10,601.3023681640625,601.6911723434343,597.3241388928317,598.4507520987654,66247000
2025-06-11,599.5874633789062,603.2765697174132,597.5036577794746,602.4091389302424,73658200
2025-06-12,601.9703979492188,601.9703979492188,597.7528856906831,598.2414316391353,64129000
2025-06-13,595.2402954101562,600.0759753105004,593.7247562563699,596.73587404184,89506000
2025-06-16,600.903564453125,602.6683667667999,598.4507935133779,598.6303165073551,79984100
2025-06-17,595.768798828125,599.9763310919831,595.0010489432416,598.4408921774705,82209400
2025-06-18,595.6790161132812,599.4478427165867,594.711843595377,596.6760685598517,76605000
2025-06-20,594.280029296875,599.4600219726562,592.8599853515625,598.3800048828125,94051400
2025-06-23,600.1500244140625,600.5399780273438,591.8900146484375,595.0399780273438,87426000
2025-06-24,606.780029296875,607.8499755859375,603.4099731445312,604.3300170898438,67735300
2025-06-25,607.1199951171875,608.6099853515625,605.5399780273438,607.9099731445312,62114800
2025-06-26,611.8699951171875,612.3099975585938,608.3699951171875,608.989990234375,78548400
2025-06-27,614.9099731445312,616.3900146484375,610.8300170898438,612.8800048828125,86258400
2025-06-30,617.8499755859375,619.219970703125,615.0399780273438,617.3800048828125,92502500
2025-07-01,617.6500244140625,618.8300170898438,615.52001953125,616.3599853515625,70030100
2025-07-02,620.4500122070312,620.489990234375,616.6099853515625,617.239990234375,66510400
2025-07-03,625.3400268554688,626.280029296875,622.4299926757812,622.4500122070312,51065800
2025-07-07,620.6799926757812,624.030029296875,617.8699951171875,623.3599853515625,74814500
2025-07-08,620.3400268554688,622.1099853515625,619.52001953125,621.3499755859375,59024600
2025-07-09,624.0599975585938,624.719970703125,620.9099731445312,622.77001953125,66113300
2025-07-10,625.8200073242188,626.8699951171875,623.010009765625,624.2000122070312,57529000
2025-07-11,623.6199951171875,624.8599853515625,621.530029296875,622.739990234375,63670200
2025-07-14,624.8099975585938,625.1599731445312,621.7999877929688,623.1599731445312,51898500
2025-07-15,622.1400146484375,627.8599853515625,622.0599975585938,627.52001953125,74317300
2025-07-16,624.219970703125,624.72998046875,618.0499877929688,623.739990234375,88987500
2025-07-17,628.0399780273438,628.4000244140625,624.1799926757812,624.4000244140625,68885700
2025-07-18,627.5800170898438,629.469970703125,626.4600219726562,629.2999877929688,65621600
2025-07-21,628.77001953125,631.5399780273438,628.3400268554688,628.77001953125,63375000
2025-07-22,628.8599853515625,629.72998046875,626.1900024414062,629.0999755859375,60046300
2025-07-23,634.2100219726562,634.2100219726562,629.72998046875,631.5499877929688,70511000
2025-07-24,634.4199829101562,636.1500244140625,633.989990234375,634.5999755859375,71307100
2025-07-25,637.0999755859375,637.5800170898438,634.8400268554688,635.0900268554688,56865400
2025-07-28,636.9400024414062,638.0399780273438,635.5399780273438,637.47998046875,54917100
2025-07-29,635.260009765625,638.6699829101562,634.3400268554688,638.3499755859375,60556300
2025-07-30,634.4600219726562,637.6799926757812,631.5399780273438,635.9199829101562,80418900
2025-07-31,632.0800170898438,639.8499755859375,630.77001953125,639.4600219726562,103385200
2025-08-01,621.719970703125,626.3400268554688,619.2899780273438,626.2999877929688,140103600
2025-08-04,631.1699829101562,631.219970703125,625.5800170898438,625.6699829101562,73218000
2025-08-05,627.969970703125,632.6099853515625,627.0399780273438,631.7899780273438,68051400
2025-08-06,632.780029296875,633.4400024414062,628.1300048828125,629.0499877929688,64357500
2025-08-07,632.25,636.97998046875,629.1099853515625,636.239990234375,74205800
2025-08-08,637.1799926757812,637.6500244140625,633.739990234375,634.0599975585938,64051600
2025-08-11,635.9199829101562,638.9500122070312,634.6599731445312,637.4600219726562,58742300
2025-08-12,642.6900024414062,642.8499755859375,636.7899780273438,638.2899780273438,64730800
2025-08-13,644.8900146484375,646.1900024414062,642.6799926757812,644.9099731445312,60092800
2025-08-14,644.9500122070312,645.6199951171875,642.3400268554688,642.7899780273438,59327500
2025-08-15,643.4400024414062,646.0900268554688,642.52001953125,645.989990234375,68592500
2025-08-18,643.2999877929688,644.0,642.1799926757812,642.8599853515625,43804900
2025-08-19,639.8099975585938,644.1099853515625,638.47998046875,643.1199951171875,69750700
2025-08-20,638.1099853515625,639.6599731445312,632.9500122070312,639.4000244140625,88890300
2025-08-21,635.5499877929688,637.969970703125,633.8099975585938,636.280029296875,54805800
2025-08-22,645.3099975585938,646.5,637.25,637.760009765625,84083200
2025-08-25,642.469970703125,645.2899780273438,642.3499755859375,644.0399780273438,51274300
2025-08-26,645.1599731445312,645.510009765625,641.5700073242188,642.2000122070312,51581600
2025-08-27,646.6300048828125,647.3699951171875,644.4199829101562,644.5700073242188,48341100
2025-08-28,648.9199829101562,649.47998046875,645.3400268554688,647.239990234375,61519500
2025-08-29,645.0499877929688,647.8400268554688,643.1400146484375,647.469970703125,74467500